{"cameraMode":{"drawMode":0,"name":"Shaded","section":"Shading Mode"},"sceneLighting":true,"audioPlay":false,"sceneViewState":{"m_AlwaysRefresh":true,"showFog":true,"showSkybox":true,"showFlares":true,"showImageEffects":true,"showParticleSystems":true,"showVisualEffectGraphs":true,"m_FxEnabled":true},"in2DMode":false,"pivot":{"x":-15.960173606872559,"y":0.9488091468811035,"z":19.342363357543947},"rotation":{"x":0.11105862259864807,"y":0.019687265157699586,"z":-0.0021999413147568704,"w":0.9936210513114929},"size":2.15270733833313,"orthographic":false}